palavra,quantidade
entre,22492
foram,20509
sobre,15303
mesmo,11319
parte,11134
maior,10995
sendo,10604
ainda,10476
muito,8361
tinha,8073
forma,7536
tempo,7319
todos,7125
havia,7021
norte,7006
antes,6757
final,6472
desde,6421
então,6414
mundo,6413
pelos,6362
assim,6350
cerca,5550
álbum,5277
grupo,5102
vezes,5062
filme,5010
época,4971
série,4852
outro,4827
porém,4498
longo,4194
menos,4151
pouco,4107
morte,3988
podem,3951
jogos,3894
todas,3887
força,3804
cinco,3802
tendo,3769
estão,3678
poder,3644
tarde,3642
geral,3636
obras,3615
disso,3590
julho,3582
local,3537
reino,3529
paulo,3501
terra,3458
seria,3453
junho,3432
total,3424
março,3402
abril,3339
quase,3325
outra,3294
quais,3179
lugar,3127
mesma,3104
fazer,3103
disse,3037
pelas,2983
navio,2974
ficou,2951
volta,2935
tanto,2867
disco,2770
média,2720
papel,2715
corpo,2682
fosse,2637
áreas,2604
tenha,2595
apoio,2595
livro,2571
filho,2569
faixa,2482
idade,2458
meses,2380
ponto,2349
unido,2300
forte,2261
banda,2237
nunca,2235
maria,2154
novos,2137
campo,2133
desta,2126
ambos,2108
saúde,2090
pedro,2089
ordem,2083
homem,2069
junto,2068
teria,2067
conta,2050
estes,2033
causa,2029
nível,2026
união,2025
linha,1999
feito,1992
comum,1979
lista,1964
vídeo,1944
novas,1941
porto,1924
único,1904
santa,1901
única,1886
valor,1858
ideia,1852
menor,1852
levou,1851
japão,1827
plano,1814
essas,1788
horas,1780
perto,1751
esses,1747
dados,1742
neste,1741
serem,1727
aérea,1709
oeste,1703
minas,1681
museu,1666
deste,1660
estar,1656
atual,1626
agora,1624
nesse,1621
deles,1579
vista,1575
noite,1573
music,1565
frota,1560
casos,1553
leste,1553
dessa,1550
houve,1549
naval,1547
falta,1501
desse,1482
chefe,1460
usado,1454
estas,1451
jovem,1442
costa,1427
paris,1418
notas,1402
visto,1384
acima,1355
santo,1350
civil,1328
jesus,1321
nesta,1307
armas,1301
massa,1296
peças,1289
criar,1289
baixo,1279
feita,1271
corte,1255
atrás,1250
torno,1241
irmão,1239
cargo,1236
algum,1236
longa,1236
filha,1219
visão,1216
solar,1201
médio,1192
ilhas,1175
jorge,1175
livre,1172
cenas,1172
artes,1172
ações,1145
risco,1126
world,1120
china,1111
temas,1110
termo,1098
baixa,1098
nossa,1094
verão,1089
líder,1073
vinte,1072
james,1069
reais,1062
autor,1062
capaz,1062
fonte,1056
porta,1056
times,1052
david,1048
grego,1044
nessa,1034
duque,1031
super,1025
ajuda,1021
clube,1013
setor,1012
terem,1004
povos,1002
criou,1000
usada,998
carta,996
rádio,995
redor,992
nomes,989
perda,989
crise,969
swift,967
turnê,964
delas,956
ambas,940
preto,935
clima,929
fundo,924
busca,920
tipos,914
dando,913
xviii,894
egito,885
podia,879
queda,860
aéreo,851
minha,850
mudou,846
águas,837
mídia,837
natal,837
alemã,835
pedra,834
casas,822
dança,821
scott,820
white,813
razão,812
bordo,810
amigo,808
nação,796
marca,792
mario,785
ferro,780
resto,780
torna,780
metal,778
civis,766
texto,752
pediu,748
posto,745
favor,738
negro,735
lunar,731
festa,730
trono,725
fazia,725
atriz,722
grega,719
curso,719
sejam,718
dizer,715
levar,712
recém,706
canal,701
ficar,699
danos,692
devem,687
praça,687
ciclo,680
meios,679
índia,673
casal,673
prata,672
achou,672
palco,667
velho,664
torre,663
claro,661
ponte,660
golpe,656
longe,655
vento,653
stone,653
obter,650
censo,650
bahia,650
coisa,646
olhos,644
certo,644
votos,643
manhã,638
ritmo,637
conde,635
passo,632
dance,628
venda,625
latim,623
harry,621
silva,619
teste,615
vocal,610
culto,608
fazem,603
jones,603
altas,601
motor,599
coroa,595
serra,594
posse,589
cores,585
zonas,583
black,583
anual,582
passa,581
press,579
verde,578
bases,577
tomar,575
morto,574
dupla,573
russo,570
carga,570
césar,569
prova,566
rural,563
ampla,563
falar,562
letra,552
banco,552
avião,551
certa,550
gales,550
bacia,544
royal,544
monte,542
vírus,539
cauda,534
tomou,533
sítio,533
custo,532
henry,530
smith,529
facto,529
suíça,528
piano,527
peter,526
renda,520
pouca,518
saber,518
velha,513
troca,512
moral,506
bispo,504
órgão,503
frank,500
invés,496
elite,495
sexta,494
globo,493
altos,492
muita,492
vidas,490
carey,488
deram,487
vapor,486
seres,486
preso,484
ossos,483
pista,478
marco,477
video,475
igual,472
viver,471
breve,471
feira,470
lados,469
possa,468
cento,467
padre,466
poeta,465
brown,464
cujos,464
prazo,462
carro,461
abriu,460
mudar,458
ópera,457
larga,457
penas,454
curto,452
durou,449
trata,449
sinal,447
russa,446
salto,445
lorde,444
nixon,443
deusa,443
negra,441
saída,440
praia,437
segue,437
casou,435
caças,434
carne,433
seção,432
fator,431
curta,431
canto,430
vindo,429
poema,429
grand,428
treze,428
nosso,426
árabe,424
gosto,422
clara,421
honra,416
assis,412
viria,410
cerco,409
taxas,409
sexto,405
calor,404
ouvir,403
sigma,403
chuva,401
legal,397
porte,397
lucas,397
fácil,390
notou,387
cujas,387
mente,387
cópia,385
grave,384
vivos,384
ondas,383
ideal,383
texas,382
gerou,382
haver,375
redes,373
ceará,372
chile,370
varia,364
viveu,364
apolo,364
marte,362
fases,362
atena,361
ponta,360
salas,360
lidar,358
bruto,356
raios,353
crime,352
oscar,352
night,351
largo,351
irmãs,350
sabia,349
shows,348
êxito,348
missa,348
tocar,348
preço,342
itens,340
lewis,339
moeda,338
herói,337
bomba,335
pares,334
media,333
humor,333
fluxo,333
fusão,329
dieta,328
vinha,327
estou,327
lojas,325
graus,323
frase,323
alice,323
casco,322
trama,322
sonda,321
fotos,320
amplo,320
prima,320
aulas,319
modos,316
síria,316
matar,316
erros,316
salão,315
barra,314
drama,314
dizia,313
rotas,313
senso,313
alves,311
ativo,311
abrir,310
force,308
chave,308
mitos,307
pagar,303
nobre,303
regra,300
ativa,299
chega,297
braço,296
vasta,295
etapa,294
lutar,294
vênus,293
falou,293
usina,293
samba,292
subiu,292
ramos,292
hotel,291
leite,291
ricos,289
belas,289
faria,288
fatos,288
rosto,288
vozes,287
júlio,287
sandy,286
vivem,286
spock,285
gases,285
feliz,284
olhar,283
graça,283
deixa,282
light,282
jogar,280
andar,278
opção,278
presa,277
caixa,277
tenta,277
ocupa,277
senna,277
pouso,276
barão,275
arena,275
creta,275
noção,274
atuou,274
acaba,274
viena,273
altar,272
anglo,272
duplo,271
usava,271
folha,270
vivia,268
apelo,267
bloco,267
sousa,267
goiás,267
lenin,266
anéis,265
casar,265
theft,265
rival,264
golfo,264
lento,263
alvos,263
greco,263
devia,261
fêmea,261
lutas,261
vigor,261
terço,261
falha,261
parar,260
fauna,259
canta,259
apego,258
genes,255
febre,255
dante,255
salva,255
jaime,254
roger,252
gomes,252
iriam,252
fiéis,252
chama,251
gripe,250
macho,250
trens,250
andré,249
áudio,249
tenho,249
mário,248
fugir,248
citou,245
serve,244
rocha,242
exame,242
tomás,241
pobre,239
radio,239
laços,239
pesca,239
extra,238
situa,238
preta,237
nuvem,237
macau,237
fruto,235
viram,235
belém,234
major,232
hélio,232
parto,231
aires,229
serão,229
datas,228
cobre,227
primo,227
temos,226
right,226
gente,225
verso,225
opera,225
solos,223
tirar,223
bento,222
tocou,219
surge,219
areia,218
quero,217
mista,217
toque,215
botes,215
rosas,215
sonho,215
kelly,214
south,214
ninho,213
cheia,213
matou,212
milho,211
entra,211
barco,210
nobel,210
cheio,208
beira,207
polar,207
lagos,207
clero,206
lenta,206
guiné,205
átila,205
pedir,205
blues,205
placa,205
vinho,205
radar,205
ficam,204
culpa,204
sorte,203
roupa,201
maias,200
ácido,200
delta,198
sério,198
urano,198
ética,197
lazer,197
dizem,197
remix,196
leves,196
fraca,196
lenda,195
mover,195
conto,195
tumor,194
vidro,194
suave,192
atuar,191
tiros,191
flora,190
polos,190
luzes,190
mares,190
sacra,189
marsh,188
móvel,188
amiga,188
metro,188
space,187
rodas,187
peixe,187
jolie,187
bruno,186
optou,185
pacto,185
lopes,184
sacro,184
curva,184
sound,184
trave,183
games,182
tribo,181
posso,181
aluno,180
metrô,180
junta,180
jimmy,179
arroz,179
bônus,176
greve,176
lança,176
fraco,176
manto,175
plena,175
gerar,175
anjos,175
pleno,175
vénus,174
dedos,172
diego,172
peito,172
bolsa,171
vagas,171
persa,170
parou,170
magia,170
turno,169
bauru,169
cinza,169
viúva,169
vasto,169
comer,168
papal,168
souza,168
pensa,168
tende,168
salvo,167
ouviu,167
paula,166
fugiu,166
cyrus,166
pódio,166
dever,166
bobby,165
vendo,164
leito,163
meyer,163
negou,163
vital,162
gaudí,162
morro,160
green,160
reich,159
conan,159
fórum,159
omega,159
jason,159
vales,159
zelda,158
arcos,158
soube,158
ícone,158
pombo,158
theta,158
coral,158
balão,157
isaac,156
luísa,156
vogue,156
today,155
mapas,155
marie,155
cravo,155
euros,154
sofre,154
iwata,154
lover,154
corvo,153
acção,153
raros,153
tubos,153
reúne,153
malta,153
vocês,152
congo,152
vilas,152
papas,152
hunos,152
dores,152
nimoy,152
sacer,151
exige,151
surto,151
group,151
clark,151
parda,150
crias,150
senão,149
lopez,149
girls,149
naves,149
vinda,149
raças,148
ricas,148
disto,147
women,147
vazio,147
pátio,147
morta,146
falsa,146
vasos,146
secas,146
store,146
judeu,146
tênis,145
útero,145
telas,145
pinto,145
adams,144
raras,144
rapaz,144
kevin,143
azuis,143
child,143
virou,143
tumba,143
river,143
colts,143
lagoa,143
gênio,142
never,142
sarah,142
praga,142
borda,141
gália,141
firme,141
sofia,141
pegou,141
falso,140
trigo,140
jenna,140
prosa,140
baker,140
jeito,139
exata,139
milão,139
sueco,139
pegar,139
perna,138
liszt,138
selos,137
sente,137
datam,137
notar,136
banho,136
tropa,136
esqui,136
davis,136
cacau,135
dadas,135
about,135
viral,135
daria,134
almas,134
sexos,134
vivas,134
pearl,133
slant,133
aviso,133
levam,133
ápice,133
sweet,132
monge,132
cunha,132
japan,132
impor,132
densa,131
tonga,131
lucro,131
maomé,130
artur,130
drive,130
hinos,130
adolf,130
sedes,129
túnel,129
somos,128
vasco,128
glory,128
foote,127
diabo,127
votar,127
turco,127
teses,127
lloyd,127
couro,127
séria,127
cubas,126
grant,126
corps,126
secos,126
infty,126
micro,126
perde,126
raiva,125
subir,125
sabor,124
faraó,124
colar,124
dobro,123
morar,123
moura,123
larry,123
justo,123
vinil,123
ellen,123
roubo,123
joias,122
nariz,122
ganho,121
patas,121
turca,121
vamos,121
neves,120
dream,120
edgar,120
épico,120
forem,120
carmo,120
cross,119
lesão,119
tanta,119
amado,118
corda,118
caído,118
varig,118
exato,118
enfim,118
lutou,118
pagos,117
ajudá,117
hades,117
traje,117
temia,117
detém,117
exibe,117
morre,117
beach,116
neles,116
falam,116
vegas,116
envio,116
turma,116
aguda,116
abuso,115
crazy,115
wicca,115
úteis,115
tirou,115
keiko,115
viana,115
cover,115
earth,115
jacob,114
davam,114
belga,114
joana,114
peles,113
ganha,113
maine,113
fatal,113
braga,113
jogou,113
fumar,112
gesto,112
again,112
noiva,112
narra,111
sinto,111
bares,111
grãos,111
bateu,110
sabre,110
miami,110
bowie,109
pesos,109
malha,108
norma,108
magno,108
death,108
voice,108
tinta,108
pausa,108
credo,107
burke,107
jatos,107
rugby,107
posta,107
pixar,107
human,106
leais,105
wrath,105
cisne,105
ótimo,105
rodes,104
speak,104
guará,103
cedeu,103
caged,103
bryan,103
nancy,102
nasce,102
havaí,102
under,102
drake,102
cabos,102
union,101
calma,101
baile,101
troia,101
rebel,101
place,101
georg,101
acaso,101
dueto,101
águia,101
barro,101
viola,101
frios,100
snake,100
della,100
berço,100
floyd,100
ritos,100
denso,100
xxiii,99
basco,99
etnia,99
susan,99
meiji,99
usual,99
cobby,99
ataca,99
medir,98
virar,98
duras,98
ernst,98
ratos,98
akagi,98
deveu,98
franz,98
caras,98
gasto,97
years,97
woody,97
traço,97
úmido,97
cunho,97
emily,97
chute,97
fungo,96
pênis,96
blood,96
patos,96
three,96
ceder,95
focas,95
droga,95
anime,95
faces,95
frias,95
billy,95
vicky,95
torná,95
henri,94
dente,94
bóris,94
moveu,94
guide,94
rehab,94
stars,94
metas,94
barba,93
randy,93
ligar,93
annie,93
chico,93
alpes,93
matas,92
afeta,92
field,92
lúcio,92
nisso,91
doces,91
lobos,91
shawn,91
allan,90
ateus,90
mantê,90
duelo,90
zumbi,90
craig,90
denis,90
achar,90
brito,90
janet,89
carlo,89
ralph,89
tocha,89
arara,89
ismay,89
cobra,89
diana,89
avril,89
atlas,89
impôs,89
apoia,89
vilão,89
mccoy,88
movie,88
velas,88
bando,88
damas,88
creek,88
leões,87
bater,87
clipe,87
átomo,87
penal,87
guild,87
sites,87
votou,87
bafta,87
barry,86
roman,86
magic,86
donos,86
iphan,86
teach,86
onças,86
caçar,86
negar,86
saque,86
cohen,85
lynch,85
piper,85
covid,85
expor,85
gatos,84
money,84
state,84
sinos,84
focos,84
tyler,84
other,83
beber,83
linda,83
jonas,83
derby,83
corre,83
dorso,83
pagou,82
passe,82
irene,82
atrai,82
finas,82
gomez,82
sueca,82
lotes,81
mayer,81
ukiyo,81
shake,81
album,80
elena,80
dunas,80
atuam,80
marés,80
amada,80
helen,80
board,80
judas,80
citar,80
focar,80
peste,80
ayres,79
units,79
pólio,79
kongō,79
creed,79
deixá,79
vítor,79
alega,79
mútua,79
vison,79
mangá,78
édito,78
misto,78
ombro,78
yahoo,78
corta,78
ímpar,78
sharp,78
anton,78
ellie,78
falas,78
sutil,78
gosta,78
rigor,77
nelas,77
latin,77
mason,77
evita,77
pablo,76
briga,76
selva,76
golfe,76
grace,76
fitas,76
mesas,76
pisos,76
keith,76
abreu,76
chapa,76
motim,76
cruel,75
expôs,75
luigi,75
veado,75
saído,75
hiato,75
prevê,75
criam,75
ervas,75
hesse,75
terão,75
índio,75
nolan,75
carol,74
capas,74
apple,74
dodôs,74
price,74
sábio,74
focou,74
irish,74
oasis,74
pardo,73
fixas,73
muros,73
casca,73
sapos,73
juízo,73
vacas,73
busto,72
godos,72
party,72
globe,72
mello,72
tutor,72
suíço,72
rilke,72
bolas,72
nunes,71
gesso,71
lince,71
ruins,71
dutra,71
beijo,71
unida,71
ligam,71
fibra,71
clado,71
molde,71
coast,71
waugh,71
ennis,71
genro,71
orton,71
toxic,70
ultra,70
minaj,70
reduz,70
whigs,70
close,70
inter,70
talha,70
êxodo,70
maría,70
lemon,70
nicho,70
colin,70
bioma,70
katyn,70
deter,69
balas,69
pedia,69
homer,69
limpo,69
digna,69
supõe,69
mauro,69
melro,69
ricky,69
fezes,69
ocean,69
digno,69
piada,69
creep,68
louco,68
gamão,68
brien,68
kanye,68
temor,68
tiago,68
limpa,68
anexo,68
funai,68
testa,68
prato,68
ébola,68
lihau,68
viaja,68
roque,67
diogo,67
cervo,67
afeto,67
tiver,67
urina,67
pneus,67
blake,67
liceu,67
doses,67
trato,67
sodré,66
líbia,66
piauí,66
jeová,66
picos,66
bacon,66
botas,66
ruído,66
tigre,66
unwin,66
medem,65
ídolo,65
thing,65
abade,65
algas,65
vôlei,65
robin,65
tarso,65
works,65
botão,65
orfeu,65
fixos,64
avery,64
elvis,64
ovais,64
durar,64
sedia,64
betty,64
sales,64
pires,64
asilo,64
valeu,63
expõe,63
brest,63
lance,63
islão,63
sport,63
sócio,63
derek,63
actor,63
sigla,63
andes,63
blank,63
grama,63
leeds,63
wyatt,63
copta,63
nudez,63
letal,63
aaron,63
poços,63
envia,63
kitty,62
porão,62
fixar,62
cairo,62
ligou,62
plana,62
wayne,62
sírio,62
fúria,62
crash,61
bemol,61
gómez,61
edwin,61
josef,61
ebert,61
turvo,61
resta,61
feroz,61
raoul,61
senti,61
eixos,61
nadia,61
julia,61
bruta,61
jerry,60
lower,60
óbvio,60
jeans,60
palha,60
pondo,60
horse,60
filas,60
eagle,60
laura,60
tordo,60
usaaf,60
angel,60
gruta,59
jobim,59
félix,59
turim,59
trust,59
regia,59
guido,59
porco,59
geram,59
sutis,59
guias,59
magna,59
plant,59
wolff,59
banza,58
sonny,58
begin,58
tales,58
irwin,58
boate,58
ótima,58
mudam,58
creme,58
happy,58
beria,58
birds,58
óscar,58
lorne,58
gamer,57
fogos,57
demos,57
lúcia,57
circo,57
rumou,57
justa,57
versa,56
óbvia,56
peace,56
nadar,56
obtém,56
moção,56
ruína,56
tommy,56
cerro,56
sacos,56
miley,56
galês,56
touro,56
manga,56
matos,56
orais,56
pesar,56
palma,55
nasal,55
prinz,55
ítalo,55
hagen,55
ghost,55
pratt,55
jesse,55
tebas,55
seven,55
calmo,55
amava,55
karen,55
servo,55
adult,54
laser,54
basta,54
luiza,54
fique,54
farol,54
starr,54
milne,54
jules,54
óssea,54
verbo,54
borba,54
lendo,54
juros,54
troço,54
tasso,54
boots,54
belos,54
lobby,54
smash,54
émile,54
crane,53
copas,53
romeu,53
woods,53
candy,53
hábil,53
grito,53
pilar,53
pular,53
terry,53
stern,53
penha,53
eugen,53
riffs,53
trigg,53
güell,53
hindu,53
prado,53
blair,52
fixou,52
imune,52
vigas,52
ligas,52
tampa,52
multi,52
proto,52
magos,52
orion,52
amfnb,52
haiti,52
retrô,52
aliás,52
fomos,52
pérez,52
táxon,52
stand,52
bruxa,52
quaga,52
múmia,52
pasta,52
adeus,52
freud,52
fruta,52
ouvia,52
films,52
abria,52
coros,51
sabem,51
ridge,51
haydn,51
amaro,51
fadas,51
braun,51
orbit,51
meias,51
pozzo,51
luzia,51
haise,51
petit,51
cúria,51
bossa,51
rasas,51
truth,50
saldo,50
netos,50
solid,50
fakih,50
deixe,50
vossa,50
timor,50
chavo,50
rubin,50
bicos,50
efrém,49
wells,49
caros,49
wales,49
louca,49
sword,49
eleva,49
látex,49
túlio,49
aptos,49
laden,49
qaeda,49
wilde,49
vetor,49
vício,49
firma,49
finos,49
lerew,49
beija,49
mando,49
torne,49
shoes,48
tiger,48
doado,48
ético,48
mirim,48
inmet,48
árias,48
fenda,48
movem,48
madre,48
bardi,48
júlia,48
pente,48
vinci,48
emite,48
noivo,48
sódio,48
lares,48
gigas,48
tokyo,48
motos,48
dúzia,48
rumos,48
thief,48
terça,48
aliou,48
évora,48
othon,48
simão,48
essex,48
thsrc,48
óxido,48
boxes,48
banks,47
ascap,47
plaza,47
bolha,47
morou,47
fardo,47
cisma,47
ramal,47
floor,47
pauta,47
sopro,47
acham,47
goles,47
lutam,47
vácuo,47
ivete,47
cases,47
color,47
fugas,47
reter,47
mútuo,47
anais,47
madri,46
ática,46
épica,46
solto,46
elias,46
still,46
feriu,46
couto,46
lyell,46
riley,46
tietê,46
angra,46
astro,46
aquém,46
idoso,46
zebra,46
seios,46
epiro,46
soava,46
petre,45
tosse,45
adiar,45
parta,45
darth,45
dogma,45
ótica,45
rocky,45
penso,45
watts,45
venha,45
impõe,45
lição,45
chamá,45
burns,45
fábio,45
anson,45
fuego,45
rosen,45
áurea,45
coube,44
gamma,44
chase,44
temer,44
grade,44
glenn,44
ufrgs,44
hifas,44
early,44
kylie,44
valer,44
haven,44
evoca,44
fleet,44
movia,44
tidos,43
bolso,43
notre,43
steam,43
prior,43
trans,43
sismo,43
jacto,43
pagas,43
xeque,43
clive,43
choro,43
hills,43
ânimo,43
honda,43
padmé,43
checa,43
dobra,43
venus,43
vulto,43
males,43
vigia,43
manut,43
chess,43
ronda,42
osaka,42
arame,42
eater,42
paiol,42
xogum,42
vimos,42
axial,42
kenny,42
where,42
recuo,42
régia,42
urban,42
vemos,42
docas,42
combs,42
trenó,42
abrem,42
liber,42
škoda,42
mayor,42
fosso,42
going,42
vader,42
sudão,42
byron,42
kondo,42
retro,42
sally,42
valia,42
elton,42
josué,42
névoa,42
agudo,41
joyce,41
share,41
luvin,41
merry,41
prost,41
nicki,41
ciúme,41
achei,41
hanks,41
tetos,41
luvas,41
erich,41
teseu,41
gerir,41
donna,41
trent,41
melee,41
nihon,41
hegel,41
tenda,41
mouse,41
tenso,41
táxis,41
anjou,41
julio,41
boris,41
diane,41
ships,41
renal,40
desce,40
fritz,40
friso,40
somam,40
selvo,40
éfeso,40
campi,40
gauss,40
danny,40
haley,40
quest,40
eller,40
corno,40
caird,40
dólar,40
solta,40
pampa,40
chang,40
royce,40
turbo,40
rever,40
apoiá,40
sinai,40
lodge,40
chain,39
paiva,39
vazia,39
voado,39
saiba,39
haste,39
pagãs,39
ferir,39
gosse,39
cecil,39
corso,39
pagão,39
hôtel,39
moles,39
curar,39
kyoto,39
rolls,39
diria,39
szent,39
tunes,39
rhode,39
ergue,39
cinto,39
pulso,39
vitor,39
façam,39
peões,39
there,39
judia,39
julie,39
estoi,39
reign,39
mudas,38
yorda,38
cafés,38
safra,38
lines,38
ellis,38
magro,38
celso,38
levas,38
fêmur,38
sasha,38
steel,38
horto,38
poses,38
custa,38
india,38
daqui,38
cisão,38
felix,38
infra,38
taças,38
medos,38
indie,38
celta,38
pepsi,38
anita,38
edema,38
manda,38
douro,38
tensa,38
lauro,37
since,37
limão,37
grove,37
chaco,37
tiras,37
acesa,37
gould,37
bueno,37
edith,37
cabia,37
watch,37
ienes,37
modal,37
somas,37
payne,37
visam,37
poker,37
trump,37
adiou,37
enviá,37
basal,37
lives,37
vaias,36
farsa,36
tibre,36
barca,36
saíam,36
court,36
feijó,36
abbey,36
reage,36
bebês,36
alain,36
blast,36
optar,36
cotas,36
supor,36
urubu,36
their,36
tíbia,36
rimas,36
lavar,36
queer,36
cádis,36
tears,36
sutiã,36
eddie,36
óvulo,36
sogro,36
paolo,36
lindo,35
mural,35
hazel,35
bronx,35
gates,35
ficha,35
veiga,35
depôs,35
train,35
prole,35
twain,35
third,35
denny,35
banha,35
klein,35
rampa,35
bravo,35
ditos,35
píleo,35
mount,35
naboo,35
fossa,35
nelly,35
lançá,35
gordo,35
seita,35
minar,35
urnas,35
roosa,35
water,34
tenor,34
açude,34
fogem,34
funda,34
forno,34
duram,34
ramón,34
óbito,34
leque,34
papua,34
actos,34
short,34
lunch,34
merda,34
shiro,34
pádua,34
abate,34
dilma,34
zinco,34
tycho,34
abdul,34
citam,34
salvá,34
spike,34
unita,34
mamas,34
front,34
cloud,34
tomam,34
puxar,34
veste,34
somou,34
tábua,34
mccay,34
cruza,34
treme,34
vence,34
pelve,33
sábia,33
berry,33
girar,33
doada,33
glass,33
cesta,33
lucky,33
bosco,33
takes,33
pompa,33
brega,33
visem,33
bocas,33
casbá,33
brill,33
folga,33
guiar,33
argos,33
topos,33
wight,33
harpa,33
break,33
modas,33
comia,33
lemos,33
cooke,33
lenha,33
aonde,33
depor,33
galés,33
culta,33
damon,33
foral,33
cosme,33
cream,33
siena,33
after,33
moody,33
janis,33
linho,33
bruxo,33
yoshi,32
hello,32
jurou,32
lácio,32
style,32
mills,32
horst,32
eliza,32
casey,32
forge,32
leyte,32
flash,32
banjo,32
cedro,32
hardy,32
facas,32
átalo,32
index,32
chung,32
doyle,32
think,32
traça,32
bitch,32
strip,32
argel,32
chuck,32
marta,32
basca,32
jacuí,32
dacar,32
rocco,32
lineu,31
puras,31
belgo,31
parks,31
rolos,31
roads,31
tênue,31
adota,31
rasos,31
pisar,31
phase,31
lotus,31
acres,31
rumor,31
coesa,31
blond,31
volga,31
vidal,31
úmero,31
ursos,31
tower,31
galos,31
makes,31
ahmed,31
ditas,31
cheke,31
intra,31
coeso,31
rosie,31
notam,31
calça,31
class,31
taipé,31
alepo,31
perth,31
titãs,31
lunga,31
erwin,31
nigel,31
riker,31
fight,30
unhas,30
gaita,30
plebe,30
lakes,30
plata,30
sully,30
comic,30
tocam,30
tórax,30
motta,30
acusa,30
forró,30
núbia,30
torso,30
retas,30
fócio,30
coito,30
gante,30
idosa,30
abyss,30
óleos,30
macro,30
dario,30
ducas,30
weber,30
haifa,30
staff,30
naacp,30
somar,30
hayes,30
camas,30
alças,30
ryder,30
shojo,30
phnom,29
lápis,29
fênix,29
terno,29
antas,29
ícaro,29
tours,29
alien,29
bónus,29
fitts,29
furto,29
bilac,29
mitre,29
pilha,29
veias,29
cliff,29
papai,29
tikal,29
máfia,29
covas,29
berna,29
robôs,29
cerne,29
dover,29
ville,29
regis,29
konev,29
kraft,29
storm,29
lívia,28
halle,28
march,28
motel,28
order,28
revés,28
rubro,28
gasta,28
stein,28
gavin,28
cesar,28
piora,28
puros,28
rated,28
skate,28
estói,28
clyde,28
paper,28
puder,28
páris,28
kranz,28
moças,28
volts,28
boato,28
twist,28
zaire,28
crows,28
stade,28
anões,28
corfu,28
cegos,28
oprah,28
macio,28
mulei,28
tonal,28
falls,28
zahar,28
lábio,28
école,28
punho,28
kings,28
úmida,28
cruzi,28
macaé,28
lages,28
bonde,28
tange,28
souto,28
samos,28
meros,28
acnur,28
ácida,28
jóias,28
loira,28
dotes,28
ávila,28
armar,28
vichy,28
lívio,28
horta,28
magma,27
matam,27
giram,27
vince,27
brand,27
darem,27
paine,27
adoro,27
heath,27
belle,27
could,27
pesam,27
sogra,27
vendê,27
logan,27
minor,27
subia,27
ringo,27
punir,27
mariz,27
guião,27
khánh,27
morse,27
lidos,27
neill,27
lisas,27
édipo,27
molly,27
grita,27
petén,27
pulou,27
besta,27
laico,27
verem,27
paige,27
boyle,27
visse,27
piotr,27
clava,27
mexer,27
funde,27
hands,27
eliot,27
lamia,27
divas,27
avant,27
leona,27
aécio,26
putin,26
vazou,26
dirty,26
décio,26
score,26
italy,26
bride,26
ugoku,26
ninfa,26
cfrac,26
serei,26
cdots,26
fetal,26
molho,26
casta,26
dicas,26
afora,26
missy,26
pique,26
image,26
dupri,26
olavo,26
guise,26
rapto,26
sobra,26
hauru,26
remos,26
caryn,26
milan,26
istmo,26
socos,26
alive,26
garra,26
duino,26
miles,26
genie,26
kesha,26
piece,26
fuzil,26
reims,26
chief,26
kotor,26
otelo,26
chato,26
árduo,26
julga,26
minos,26
perez,26
aliar,26
fever,26
youth,25
dafne,25
myers,25
apodi,25
celas,25
faith,25
vetar,25
libra,25
sybok,25
opõem,25
surfe,25
glock,25
crato,25
duffy,25
pólis,25
áccio,25
lanka,25
curvo,25
trair,25
traiu,25
lohan,25
busby,25
dónde,25
olhou,25
tails,25
cerie,25
betão,25
baden,25
comeu,25
pedal,25
lygia,25
lambe,25
jamie,25
keefe,25
lente,25
ariel,25
selar,25
entes,25
régio,25
gluck,25
burtt,25
golos,25
plate,25
trios,25
rumar,25
chora,25
block,25
mania,25
tédio,25
sheva,25
uhura,25
viseu,25
wanna,25
lenço,25
vagos,25
istar,25
tiara,25
tardo,25
speed,25
tools,25
supôs,25
borja,25
slate,25
marry,24
pólos,24
galho,24
chata,24
obtêm,24
euler,24
átrio,24
fecha,24
dublê,24
erick,24
pólen,24
mirra,24
moone,24
lucis,24
clash,24
moran,24
kuala,24
mitch,24
feixe,24
geiss,24
frevo,24
gelos,24
olson,24
vazão,24
tâmil,24
xiita,24
furor,24
ósseo,24
sings,24
dacko,24
lidam,24
dolby,24
meisl,24
alter,24
nexus,24
athos,24
havre,24
mafra,24
noble,24
kunis,24
walsh,24
monde,24
check,24
nozes,24
ibama,24
muñoz,24
folia,24
suevo,24
cites,24
latas,24
atacá,24
están,24
poste,24
oliva,24
refém,24
duros,24
being,24
byrne,24
musas,24
gimme,23
aluna,23
bambu,23
creem,23
saxão,23
faber,23
funan,23
tente,23
pavel,23
rende,23
rompe,23
pálio,23
odepa,23
quota,23
loiro,23
ethos,23
cetro,23
comes,23
swing,23
libro,23
punta,23
vitry,23
blusa,23
ceres,23
penny,23
etops,23
essai,23
camel,23
joint,23
holly,23
creio,23
rifan,23
buena,23
vizir,23
found,23
proof,23
valle,23
zenão,23
saara,23
korea,23
pomba,23
prize,23
aarão,23
ameno,23
param,23
match,23
bella,23
draft,23
samoa,23
sabão,23
xisto,23
alvin,23
naomi,23
clint,23
frade,23
moram,23
mater,23
grizz,23
geada,23
égide,23
jejum,23
grimm,23
pietà,22
datar,22
benny,22
gravá,22
idris,22
trupe,22
edson,22
afins,22
lange,22
ferox,22
canoa,22
fones,22
audio,22
brett,22
salmo,22
mágoa,22
segui,22
sacas,22
reger,22
chips,22
ester,22
natos,22
fizer,22
malas,22
memes,22
reina,22
lotso,22
arado,22
jeter,22
pinus,22
maggi,22
valas,22
núbio,22
ducal,22
prime,22
logos,22
comem,22
pizza,22
jurar,22
parma,22
delos,22
ruivo,22
béjar,22
alelo,22
babel,22
palin,22
maori,22
codex,22
órfão,22
tudor,22
basso,22
melão,22
neesi,22
advém,22
roche,22
copos,22
minsk,21
vetou,21
naked,21
ciaan,21
klaus,21
fryer,21
upper,21
buren,21
pazes,21
ortiz,21
coxas,21
elisa,21
balsa,21
bonés,21
vhemt,21
praxe,21
leigo,21
selim,21
sulco,21
penna,21
vogal,21
legou,21
lênin,21
cemig,21
huias,21
decks,21
teerã,21
istoé,21
signo,21
comte,21
aveia,21
antão,21
xaria,21
johan,21
micos,21
amagi,21
sanar,21
asian,21
peach,21
banca,21
asean,21
fiore,21
voava,21
maker,21
roald,21
vagão,21
veloz,21
salta,21
klose,21
shock,21
imita,21
lidou,21
maxim,21
alois,21
worth,21
knoll,21
nisto,21
viril,21
olive,21
equus,21
banal,21
cause,21
cavar,21
josep,21
mercy,21
kerri,21
honey,21
tfrac,21
errol,21
gregg,21
hanói,21
brain,21
virus,21
welch,21
panos,21
sopra,21
knows,21
tidas,21
jstor,21
touch,21
rodar,21
ibero,20
booth,20
cheka,20
rianz,20
canis,20
rouba,20
fermi,20
pavia,20
hound,20
multa,20
bebés,20
jogam,20
ávido,20
afram,20
palas,20
weiss,20
lubas,20
taira,20
meras,20
suíte,20
ração,20
shark,20
verba,20
mésia,20
wants,20
curas,20
cegas,20
hiryū,20
cabem,20
sheen,20
crean,20
promo,20
eaton,20
pegos,20
cesto,20
kerry,20
turan,20
frost,20
megan,20
devon,20
burro,20
dewey,20
katie,20
gibbs,20
heinz,20
fuzis,20
péron,20
deixo,20
agnes,20
flood,20
focal,20
mulas,20
paste,20
range,20
muniz,20
trazê,20
focam,20
emesa,20
peres,20
amade,20
loops,20
arles,20
estro,20
bolos,20
brock,20
adsit,20
potes,20
funny,19
tiram,19
ouros,19
stock,19
cades,19
doris,19
ewing,19
kerli,19
viúvo,19
eidos,19
verna,19
gueto,19
cifra,19
moela,19
inato,19
azure,19
large,19
foley,19
lille,19
brisa,19
dress,19
lords,19
ricci,19
lgbtq,19
xhosa,19
libri,19
beast,19
sleep,19
yates,19
vende,19
rippy,19
petty,19
sitar,19
johns,19
baião,19
tenra,19
rossi,19
astor,19
bigas,19
maybe,19
cabra,19
amapá,19
sloan,19
tatum,19
crown,19
unesp,19
criss,19
métis,19
grato,19
verme,19
adido,19
veios,19
ditou,19
bahía,19
novel,19
jerte,19
brejo,19
coney,19
berta,19
becky,19
mamão,19
vante,19
okuda,19
quico,19
conte,19
hertz,19
lítio,19
poças,19
andam,19
lanca,19
telão,19
dolce,19
slave,19
nomeá,19
vosso,19
lyman,19
mitra,19
ardyn,19
pedem,19
árido,19
piero,19
ontem,18
tisza,18
files,18
rapid,18
caçam,18
greek,18
angus,18
baniu,18
walls,18
cariz,18
âmbar,18
rowan,18
mcgee,18
while,18
model,18
hogan,18
elege,18
round,18
rings,18
tocas,18
incas,18
garry,18
noise,18
timbó,18
audaz,18
alceu,18
croce,18
jenny,18
furos,18
cofre,18
sófia,18
provê,18
tango,18
gêmea,18
wiley,18
aptas,18
tufos,18
taiti,18
hawke,18
mecão,18
darcy,18
volte,18
tecto,18
órion,18
moema,18
giant,18
regem,18
odeio,18
trick,18
seine,18
owens,18
cindy,18
lahar,18
béxar,18
xique,18
rolar,18
amido,18
needs,18
netto,18
wever,18
small,18
donde,18
silas,18
cólon,18
blade,18
taipa,18
rezar,18
inata,18
croft,18
rubem,18
louro,18
honor,18
secar,18
dolly,18
vance,18
fungi,18
silla,18
conti,18
wendy,18
maçom,18
mogol,18
leigh,18
veria,18
ileso,18
above,18
baías,18
study,18
frita,17
leave,17
canaã,17
adobe,17
tonle,17
recai,17
oásis,17
kruge,17
anexa,17
calar,17
pense,17
beaux,17
brady,17
kirby,17
poole,17
manso,17
pater,17
hawks,17
monta,17
vivam,17
mercê,17
hurts,17
judah,17
trevo,17
capim,17
rouge,17
ignis,17
agito,17
túnis,17
woolf,17
bulas,17
sobem,17
sótão,17
opere,17
fobos,17
kursk,17
crews,17
welsh,17
farão,17
elgin,17
malan,17
gmail,17
orfeo,17
surdo,17
batem,17
rover,17
sonar,17
errou,17
atira,17
lilia,17
clerk,17
unção,17
chalé,17
mansa,17
alley,17
catão,17
varas,17
demon,17
macia,17
dubai,17
guiou,17
garça,17
curse,17
lilly,17
posdr,17
loire,17
salve,17
oates,17
mooca,17
avisa,17
festo,17
feudo,17
gonna,17
adare,17
pecém,17
mediu,17
bluff,17
aedes,17
copán,17
weird,17
ecoou,17
acaia,17
heian,17
reese,16
porgy,16
graal,16
frick,16
bazin,16
ipaba,16
harve,16
clave,16
alude,16
tirol,16
ditar,16
durão,16
perón,16
burle,16
bodes,16
somme,16
every,16
fleck,16
dolan,16
buscá,16
titan,16
rifle,16
ceuta,16
óculo,16
pireu,16
ferry,16
bakri,16
ouvem,16
silos,16
tauro,16
bulbo,16
soldo,16
bagas,16
telha,16
fútil,16
boone,16
banir,16
trish,16
suína,16
bebeu,16
bicho,16
ímola,16
lions,16
sōryū,16
krebs,16
robot,16
duran,16
yours,16
vivaz,16
carly,16
marcy,16
kappa,16
mosca,16
vitae,16
reine,16
pomes,16
jasão,16
cyber,16
valsa,16
efebo,16
hidra,16
lidas,16
rules,16
manet,16
omaha,16
gemas,16
ayala,16
gotas,16
alvim,16
frodo,16
canos,16
synth,16
alarm,16
rabin,16
fluir,16
track,16
grata,16
litro,16
array,16
these,16
áureo,16
serie,16
fluem,16
ereto,16
croix,16
kampf,16
dócil,16
uniam,16
cloro,16
later,16
flaps,16
milha,16
útica,16
femme,16
yayoi,15
adler,15
takei,15
osama,15
cessa,15
cantá,15
fogão,15
repor,15
bross,15
magda,15
lucca,15
lebre,15
nicks,15
guamá,15
puxou,15
salsa,15
tupis,15
tovey,15
morna,15
enche,15
hales,15
pcdob,15
erica,15
lovin,15
lenny,15
génio,15
bring,15
caída,15
huang,15
pinho,15
plain,15
tinto,15
cielo,15
hiper,15
vesta,15
quiet,15
willy,15
baron,15
cheng,15
ténis,15
brave,15
musée,15
giros,15
qatar,15
tripé,15
sarif,15
induz,15
arcar,15
tabus,15
prega,15
fiume,15
behar,15
casam,15
caber,15
polpa,15
nsdap,15
races,15
bates,15
púbis,15
úrico,15
tecla,15
araus,15
mainz,15
pavão,15
dijon,15
roses,15
jânio,15
start,15
smoke,15
tolos,15
agiam,15
slide,15
tratá,15
sykes,15
mália,15
smart,15
pasto,15
foice,15
butim,15
spice,15
retos,15
level,15
nervo,15
sadat,15
morsi,15
felis,15
torta,15
fecho,15
cones,15
érico,15
lyons,15
aston,15
witch,15
nipur,15
blanc,15
jataí,15
anima,15
brics,15
rasto,15
krupp,15
risca,15
ágora,15
teddy,15
snipe,15
gávea,15
jaula,15
kyrie,15
bills,15
forum,15
tutti,15
toole,15
bryce,15
coria,15
dumas,15
esalq,15
duomo,15
vivax,15
sofás,15
blitz,15
sadia,15
fílon,15
danja,15
sirva,15
alçou,15
kantō,15
bloom,15
björk,15
autos,15
píton,14
combo,14
among,14
serpa,14
rocas,14
punha,14
acabe,14
delle,14
gêmeo,14
forja,14
riggi,14
stuka,14
armée,14
virem,14
batom,14
proie,14
grado,14
cathy,14
rally,14
ebola,14
emael,14
dorme,14
limbo,14
sense,14
diary,14
falco,14
shout,14
ogham,14
perca,14
folho,14
olham,14
palau,14
nikki,14
lacey,14
hagia,14
fatih,14
flynn,14
rugas,14
bocha,14
pride,14
hansa,14
tufão,14
goste,14
batia,14
mouro,14
crook,14
diniz,14
leidy,14
poção,14
ânsia,14
ninja,14
binks,14
notes,14
fraga,14
mundi,14
nepal,14
flory,14
sorry,14
vadia,14
monty,14
ready,14
leila,14
genus,14
savoy,14
pluma,14
odeia,14
vries,14
nicol,14
moniz,14
iruña,14
gorki,14
acton,14
scala,14
sacha,14
barth,14
hórus,14
garde,14
saias,14
grife,14
funil,14
shoki,14
içada,14
brahe,14
gozar,14
cumes,14
shane,14
hamas,14
kenji,14
sisto,14
botha,14
scary,14
haris,14
orsay,14
mails,14
parke,14
ranke,14
aurea,14
ideas,14
poros,14
gerry,14
fedex,14
sarek,14
april,14
lamar,14
leech,14
andou,14
farta,14
diplo,14
gíria,14
dardo,14
maçãs,14
poems,14
lumes,14
locke,14
guppy,14
teceu,14
jango,14
tadeu,14
flinn,14
rough,14
whole,14
optam,14
sônia,14
jared,14
soyuz,14
yorke,14
saigō,14
verne,14
gozou,14
badur,14
cyril,14
shell,14
laudo,14
aorta,14
pussy,14
stick,13
leone,13
ruben,13
stent,13
deduz,13
mckay,13
filos,13
dawes,13
darby,13
feels,13
rocks,13
dácia,13
pomar,13
pudor,13
ponce,13
fresh,13
adere,13
hanão,13
eisen,13
frans,13
raide,13
saíde,13
drink,13
sturm,13
midas,13
drill,13
fetos,13
colón,13
quang,13
bette,13
ereta,13
agido,13
latão,13
senac,13
cabot,13
frear,13
pluto,13
aguri,13
boran,13
senta,13
árdua,13
koiné,13
benat,13
yakub,13
event,13
keane,13
stoke,13
decão,13
glaad,13
lótus,13
hapag,13
geoff,13
neuro,13
crina,13
tramo,13
thank,13
xamãs,13
reach,13
tidal,13
fanny,13
dique,13
cardo,13
fatia,13
sonha,13
capta,13
gorda,13
heine,13
perdi,13
beato,13
snape,13
salle,13
jidai,13
angle,13
fuchs,13
molas,13
sujas,13
magra,13
adora,13
blige,13
salon,13
pinça,13
gross,13
shore,13
educá,13
links,13
pegas,13
blind,13
ctmsp,13
klerk,13
fóton,13
vecho,13
mecom,13
soulé,13
smyth,13
frito,13
foros,13
míron,13
giles,13
raspe,13
singh,13
anwar,13
degas,13
patti,13
jakob,13
aroma,13
didus,13
bowes,13
maier,13
kathy,13
angie,13
kiswe,13
lauda,13
raven,13
tagma,13
giggs,13
sorri,13
régua,13
tento,13
upton,13
basil,13
carte,13
molhe,13
lynne,13
ágeis,13
molar,13
shaun,13
luxos,13
trava,13
aceso,13
akira,13
lapse,13
emile,13
bello,13
tombo,13
minho,13
cucos,13
prego,13
tyson,13
momma,13
koopa,12
oskar,12
butch,12
pepeu,12
perus,12
hanna,12
brook,12
orgia,12
bison,12
varão,12
fotão,12
dutch,12
mandá,12
finch,12
busan,12
howie,12
cária,12
rodis,12
feras,12
halen,12
wings,12
urais,12
getty,12
saxon,12
rogge,12
rusev,12
crack,12
sachs,12
luisa,12
gamba,12
higgs,12
strug,12
risos,12
madge,12
fries,12
bebia,12
arbor,12
bloch,12
clone,12
earle,12
egypt,12
grams,12
falei,12
zomba,12
dunga,12
brent,12
idina,12
junco,12
mazar,12
atari,12
barém,12
jarno,12
têmis,12
airão,12
freio,12
elfos,12
hideo,12
airco,12
turba,12
ualvp,12
donas,12
nigra,12
bowen,12
chili,12
cueva,12
apito,12
lúteo,12
sadie,12
count,12
ducto,12
vitro,12
stage,12
tétis,12
arder,12
hauge,12
blunt,12
forro,12
sorgo,12
moços,12
grown,12
stuck,12
apela,12
nomen,12
caqui,12
rffsa,12
worms,12
piatã,12
split,12
viera,12
loves,12
sabiá,12
craft,12
blohm,12
coari,12
trial,12
áspar,12
ochoa,12
lully,12
liège,12
funis,12
vejam,12
rnase,12
scapa,12
marne,12
negam,12
ozono,12
recta,12
patch,12
horda,12
gozam,12
peale,12
tecer,12
words,12
débil,12
twerk,12
maura,12
leval,12
burgo,12
sixty,12
panic,12
irati,12
dolls,12
diddy,12
exile,12
exibi,12
farei,12
valem,12
vidin,12
cânon,12
borel,12
rubra,12
coats,12
júnio,12
claus,12
inigo,12
teeth,12
dixon,12
caíam,12
saulo,12
urutu,12
ávida,12
abdel,12
freak,12
dazed,12
ateia,12
scene,12
rolim,12
sears,12
doria,12
wanda,11
karma,11
calvo,11
lukis,11
chick,11
laugh,11
wewak,11
cnido,11
sueno,11
traem,11
tesla,11
kemal,11
rerum,11
detêm,11
tōkyō,11
podre,11
nhmuk,11
petra,11
piraí,11
dirac,11
moray,11
meins,11
kanji,11
cable,11
focus,11
yixiu,11
nadam,11
mixou,11
revel,11
rubén,11
nasci,11
estás,11
minou,11
grint,11
jalde,11
quinn,11
clemm,11
pafos,11
figos,11
hoyle,11
bilbo,11
singe,11
fifth,11
waves,11
lemay,11
eight,11
belly,11
harém,11
vesak,11
sting,11
fiona,11
bulls,11
kroos,11
louie,11
serah,11
dương,11
rohan,11
polvo,11
leach,11
enlil,11
aftas,11
roxas,11
bonzo,11
soult,11
rojas,11
fails,11
unión,11
páreo,11
servi,11
caíra,11
célio,11
rindo,11
sopas,11
tomei,11
pagam,11
cyndi,11
norah,11
ficus,11
cítia,11
romão,11
marge,11
terei,11
baird,11
wyler,11
wills,11
smuts,11
wilma,11
fenty,11
mondo,11
ninar,11
hindi,11
fedra,11
egina,11
sagas,11
druso,11
pajeú,11
bruna,11
dukes,11
pague,11
frete,11
cocos,11
ganso,11
dingo,11
regeu,11
rufus,11
carla,11
slash,11
peñas,11
adami,11
unisc,11
maida,11
watto,11
capes,11
raias,11
agnew,11
milch,11
marty,11
pence,11
volva,11
amber,11
pinos,11
teias,11
frame,11
salem,11
tomem,11
torto,11
korps,11
légua,11
nafta,11
nokia,11
lapso,11
pisou,11
karim,11
rodin,11
borgo,11
senil,11
septo,11
ocaso,11
sinta,11
fabio,11
keats,11
stacy,11
inibe,11
rosso,11
morra,11
engel,11
mckim,11
posar,11
órfãs,11
biden,11
milos,11
buquê,11
emana,11
clair,11
nueva,11
aloja,11
neiva,11
teles,11
racha,11
rodou,11
evitá,11
furar,11
paemb,11
érebo,11
girou,11
mamma,11
íamos,11
digam,11
temeu,11
kofun,10
avisá,10
would,10
pyotr,10
sober,10
loser,10
ivana,10
windu,10
iphae,10
jaffe,10
domus,10
frere,10
learn,10
pulse,10
árida,10
hecht,10
nicky,10
finge,10
aline,10
jomon,10
shoji,10
dinos,10
serge,10
piers,10
temps,10
ibope,10
lajes,10
andre,10
buddy,10
kafka,10
yavuz,10
chiba,10
amore,10
gambá,10
gotta,10
kébir,10
matão,10
chade,10
rouca,10
zelar,10
selou,10
délio,10
fairy,10
julgá,10
atago,10
yulia,10
baque,10
juíza,10
nopem,10
alexa,10
tomas,10
quick,10
bleda,10
brant,10
hedge,10
renée,10
clama,10
neale,10
widow,10
jiang,10
pénis,10
hejaz,10
ecoam,10
lemes,10
armou,10
regum,10
abalo,10
marto,10
torda,10
chamo,10
fondo,10
poupa,10
puniu,10
ésima,10
friul,10
usipa,10
lepra,10
niels,10
quito,10
forca,10
rombo,10
curdo,10
pinta,10
intel,10
varie,10
tácio,10
lizzy,10
bethe,10
césio,10
boana,10
focke,10
caius,10
proun,10
breda,10
hurst,10
monti,10
luíza,10
ahmad,10
liman,10
condé,10
curry,10
hayao,10
lisos,10
lucia,10
smile,10
musgo,10
mamãe,10
freya,10
breno,10
cepas,10
trees,10
daerm,10
polir,10
faliu,10
priya,10
osman,10
sabás,10
cacos,10
mouri,10
múcio,10
roker,10
glynn,10
coyne,10
defoe,10
reyes,10
iffhs,10
menou,10
falho,10
anula,10
daddy,10
jokić,10
revie,10
olhei,10
drunk,10
leroy,10
porra,10
korai,10
lagar,10
canon,10
nieto,10
quios,10
prada,10
patty,10
juris,10
lewin,10
daisy,10
favre,10
cocar,10
mulan,10
olsen,10
leary,10
sieur,10
asuka,10
peary,10
burge,10
lessa,10
forçá,10
teuto,10
vagar,10
caldo,10
monet,10
ésimo,10
inova,10
jihad,10
write,10
basic,10
buffy,10
blois,10
leben,10
yokoi,10
curou,10
draco,10
trail,10
sheer,10
hicks,10
etano,10
hooke,10
muris,10
heron,10
chame,10
brody,10
setas,10
sugar,10
oribe,10
hooks,10
saíra,10
sesta,10
juror,10
fagos,10
faium,10
iuris,10
ranch,10
iperó,10
heard,10
régis,10
sliva,10
chros,10
óstia,10
sinué,10
lixão,10
nazis,9
prece,9
grady,9
brava,9
jesús,9
éguas,9
fusos,9
mines,9
sinan,9
sedas,9
shoal,9
arndt,9
cosmo,9
ático,9
hanke,9
cobri,9
waldo,9
taney,9
reses,9
podes,9
sensu,9
assad,9
fabri,9
errar,9
catch,9
verdi,9
labor,9
palms,9
toras,9
rugir,9
bagdá,9
hartt,9
aswad,9
marin,9
arctg,9
ethan,9
crowe,9
saiam,9
armin,9
sósia,9
yáñez,9
trate,9
rudes,9
lícia,9
parti,9
mocho,9
fidel,9
nutre,9
araçá,9
tenaz,9
catar,9
jools,9
caule,9
murat,9
bobas,9
balés,9
grafo,9
caiam,9
vazar,9
laica,9
acusá,9
circa,9
perdê,9
liane,9
renan,9
corey,9
maher,9
guaçu,9
ebook,9
burra,9
vault,9
zemun,9
cachê,9
tamed,9
heidi,9
ágata,9
alone,9
moses,9
sapor,9
usher,9
pixel,9
pauli,9
runas,9
pnuma,9
ulbra,9
keyes,9
werke,9
sadio,9
flick,9
pajés,9
loved,9
bicas,9
sonia,9
jayne,9
bauer,9
malik,9
lowry,9
elbow,9
raine,9
sílex,9
lerem,9
paley,9
snell,9
lupin,9
imier,9
dürer,9
linge,9
sócia,9
mezzo,9
kátia,9
ranft,9
nails,9
quiçá,9
cairá,9
grifo,9
cabal,9
cadiz,9
marks,9
chaul,9
saigo,9
fonda,9
messi,9
odiar,9
appel,9
pašić,9
bains,9
pacem,9
lotta,9
círio,9
pogue,9
grava,9
louça,9
bumba,9
cluny,9
jugal,9
dolph,9
bülow,9
royds,9
crawl,9
devam,9
flann,9
cefet,9
skull,9
birth,9
théma,9
rigby,9
vulva,9
lease,9
cinta,9
betim,9
allie,9
cragg,9
arias,9
lulas,9
saros,9
revue,9
bodas,9
abbas,9
vesti,9
roane,9
uncut,9
ligne,9
spray,9
facts,9
rácio,9
alwyn,9
tório,9
insag,9
garfo,9
titus,9
exala,9
jumbo,9
margo,9
dubla,9
posou,9
pavor,9
brasa,9
dench,9
cacho,9
trote,9
boina,9
brush,9
dotou,9
espiã,9
erika,9
remta,9
takao,9
fatec,9
zweig,9
click,9
ajude,9
britt,9
livin,9
barni,9
mudei,9
unger,9
holtz,9
trois,9
krige,9
apóia,9
beata,9
alias,9
anzac,9
flesh,9
shibh,9
senai,9
based,9
atado,9
maças,9
pfalz,9
alsos,8
baris,8
josip,8
shall,8
bears,8
denby,8
seals,8
petri,8
kroll,8
lírio,8
jemaa,8
reeve,8
pudim,8
mundy,8
fetch,8
hunas,8
motte,8
ypres,8
fionn,8
tanga,8
shōwa,8
kazan,8
pousa,8
osmar,8
heiji,8
khmer,8
aretê,8
viejo,8
dutos,8
rimet,8
idese,8
pitty,8
guard,8
gipsy,8
theia,8
ivens,8
sémen,8
linux,8
adubo,8
monck,8
wally,8
cubos,8
jiade,8
grail,8
savan,8
goura,8
caeté,8
rasga,8
mixar,8
modem,8
tomba,8
nando,8
bower,8
capão,8
pilos,8
fedor,8
suape,8
danto,8
reviu,8
panda,8
cutia,8
nsync,8
annan,8
lavra,8
wired,8
dulce,8
equiv,8
xingu,8
aidan,8
skies,8
durán,8
rouco,8
mbeki,8
ardor,8
magni,8
seiva,8
fogel,8
apaga,8
gumes,8
matem,8
fugaz,8
ancas,8
terna,8
talos,8
garza,8
paseo,8
mogno,8
lasar,8
aceno,8
aloud,8
okawa,8
worst,8
sólon,8
lesse,8
ciano,8
laure,8
nance,8
dione,8
giron,8
clear,8
odeon,8
stuff,8
volvo,8
cruls,8
aliya,8
isola,8
uncle,8
those,8
argan,8
capra,8
rainy,8
hoche,8
pucrs,8
kanto,8
squad,8
cajar,8
ceife,8
phone,8
daigo,8
filma,8
seduz,8
ewart,8
peggy,8
sixth,8
entoa,8
maluf,8
mirar,8
cocoa,8
nylon,8
gémeo,8
vytis,8
gyula,8
rikky,8
iberê,8
clare,8
deita,8
idaho,8
sveta,8
salim,8
monza,8
jerez,8
hampp,8
garth,8
downs,8
bublé,8
buffa,8
cromo,8
ligue,8
lenox,8
omari,8
temem,8
museo,8
xerox,8
bones,8
remar,8
sarre,8
boyce,8
khanh,8
layne,8
manny,8
ialta,8
pound,8
mahal,8
lides,8
quati,8
agnus,8
ching,8
montt,8
babil,8
finis,8
farto,8
berro,8
fepam,8
beady,8
sumos,8
bumbo,8
luxor,8
usura,8
crick,8
koons,8
pardi,8
surda,8
melas,8
zheng,8
bipes,8
uther,8
ébrio,8
fieis,8
jafar,8
romas,8
ébano,8
means,8
elysa,8
sides,8
until,8
pirro,8
hanns,8
saras,8
homme,8
ogiva,8
fleur,8
takeo,8
orlas,8
forth,8
wolfe,8
judge,8
ureia,8
thang,8
durst,8
irbid,8
incra,8
guano,8
modus,8
intro,8
caicó,8
dúbio,8
pusha,8
hicso,8
kurtz,8
simms,8
drugs,8
operá,8
slick,8
prism,8
citas,8
misty,8
pflag,8
imame,8
jeppe,8
torii,8
jimmu,8
pânio,8
obeso,8
licor,8
grass,8
ángel,8
norad,8
fluía,8
amano,8
fecal,8
deena,8
lacan,8
taube,8
thous,8
messe,8
zizzo,8
jarro,8
conch,8
jitsu,8
verve,8
belli,8
glshs,8
rouen,8
plays,8
fauno,8
camus,8
xlvii,8
sault,8
quark,8
odile,8
equal,8
sasso,7
potro,7
bands,7
ramzi,7
havel,7
avelã,7
false,7
fitch,7
stile,7
egeia,7
sauce,7
imrie,7
trina,7
jazem,7
felmy,7
weary,7
tique,7
jayme,7
roubá,7
kagan,7
talon,7
rogue,7
linie,7
sunny,7
bebel,7
sinon,7
vencê,7
birch,7
jinks,7
bndes,7
usara,7
hanga,7
dotti,7
lócus,7
leoni,7
bunny,7
yeats,7
liras,7
edusp,7
sujos,7
naxos,7
darin,7
evite,7
adotá,7
níssa,7
sushi,7
cuíca,7
delhi,7
engle,7
cosby,7
neusa,7
parra,7
algoz,7
shoah,7
beats,7
lanço,7
erevã,7
pitos,7
gower,7
kondō,7
jōmon,7
proud,7
agasa,7
adaga,7
rizzo,7
lonny,7
tuzla,7
aiken,7
copia,7
farda,7
scout,7
janov,7
manha,7
cemal,7
vinis,7
pitch,7
tirso,7
potts,7
harpe,7
nevar,7
bardo,7
gallo,7
loose,7
llosa,7
tamar,7
heroi,7
selma,7
yukon,7
ácaro,7
paros,7
chola,7
tupou,7
meira,7
rises,7
brawl,7
stato,7
mckee,7
moída,7
hylia,7
coker,7
núñez,7
nehru,7
daegu,7
cetim,7
ipsos,7
meath,7
soros,7
knopf,7
using,7
jigai,7
hilda,7
evvel,7
cazar,7
junot,7
björn,7
hoyos,7
ozawa,7
chien,7
laird,7
antón,7
relva,7
derry,7
darma,7
cuida,7
essay,7
sêmen,7
hader,7
spark,7
enéas,7
artcc,7
edvms,7
xossa,7
cepjo,7
levin,7
sigam,7
latam,7
asaph,7
comin,7
leram,7
flyer,7
cezar,7
sagan,7
corgo,7
tukey,7
tacos,7
islas,7
naora,7
tarja,7
licht,7
along,7
dnocs,7
wrote,7
checo,7
renas,7
ezrin,7
muzot,7
ilesa,7
perla,7
ignaz,7
ebony,7
pônei,7
welle,7
karoo,7
shōji,7
trias,7
gimli,7
wrawe,7
meryl,7
cousa,7
filão,7
champ,7
golie,7
bells,7
redox,7
gráda,7
pingo,7
argus,7
anciã,7
ciega,7
karol,7
grouw,7
pilot,7
taste,7
donny,7
vânia,7
merle,7
voraz,7
toros,7
johor,7
lmfao,7
voces,7
souls,7
pavao,7
tobin,7
alden,7
zague,7
turné,7
regio,7
zigue,7
parry,7
caleb,7
ernie,7
celia,7
coven,7
gwyer,7
levei,7
culpá,7
nuevo,7
exsul,7
upupa,7
kitáb,7
dyson,7
feria,7
qquad,7
degli,7
taifa,7
menem,7
alvor,7
dhani,7
imuno,7
iñigo,7
mayke,7
afoga,7
wreck,7
pilus,7
iskra,7
sinti,7
yoncé,7
bonin,7
valha,7
slano,7
tubal,7
sóter,7
zélia,7
chaka,7
pequi,7
parei,7
cerny,7
zayas,7
criem,7
chita,7
jenin,7
chefs,7
líbio,7
iecas,7
içado,7
stack,7
doubt,7
bonum,7
zulus,7
migra,7
alado,7
bruni,7
tambo,7
moves,7
punic,7
balde,7
anzen,7
thabo,7
tight,7
nikos,7
amour,7
fólio,7
table,7
nadou,7
paddy,7
izamo,7
chloë,7
iates,7
wrong,7
breia,7
criei,7
chego,7
dromo,7
acede,7
eaves,7
lauer,7
jonah,7
flung,7
venta,7
tatus,7
elder,7
macaw,7
kimpo,7
shine,7
escoa,7
bucal,7
sumiu,7
seitz,7
boias,7
hatch,7
licks,7
sacou,7
chove,7
styer,7
alamo,7
route,7
gorza,7
onfis,7
omite,7
vaiou,7
amora,7
wyman,7
forme,7
bagre,7
verge,7
troco,7
chaos,7
photo,7
medal,7
glifo,7
sable,7
guest,7
tízoc,7
pisão,7
molle,7
carpa,7
verga,7
ursus,7
shogi,7
nader,7
beijá,7
bavex,7
susto,7
roxos,7
cuité,7
ródia,7
alano,7
niall,7
wagon,7
racer,7
elmos,7
fomes,7
rainn,6
lalla,6
carpo,6
fechá,6
emita,6
aqdas,6
ómega,6
vivar,6
cruas,6
almir,6
orago,6
alces,6
broad,6
ormuz,6
xiraz,6
stony,6
raisi,6
pópis,6
naras,6
shook,6
maisa,6
flags,6
palop,6
húmus,6
sento,6
perks,6
shoku,6
views,6
outer,6
manta,6
ecrãs,6
busco,6
afete,6
bangu,6
mores,6
daley,6
iêmen,6
orifa,6
rocko,6
dzyan,6
ruiva,6
conze,6
adyar,6
erval,6
sochi,6
shoop,6
greil,6
rueda,6
bugio,6
telmo,6
jutta,6
snuff,6
rezou,6
shang,6
byatt,6
menés,6
moïse,6
zaman,6
razan,6
imbuí,6
dakar,6
gasté,6
lidia,6
ravel,6
année,6
irina,6
shrek,6
sonnō,6
vanda,6
rybin,6
botar,6
amena,6
socar,6
rudge,6
sabin,6
papen,6
segal,6
khali,6
arras,6
flame,6
nadja,6
budur,6
mandy,6
pegue,6
licto,6
bursa,6
aosta,6
anger,6
hosni,6
luton,6
enrow,6
putte,6
oboés,6
aidim,6
apopi,6
assuã,6
lídia,6
platô,6
wörth,6
burne,6
tenth,6
ibsen,6
ibiza,6
ciama,6
rajoy,6
mapes,6
rüsen,6
msnbc,6
rapel,6
basin,6
anuro,6
godoy,6
dinah,6
joker,6
pixie,6
richa,6
ardil,6
samas,6
biagi,6
alger,6
vices,6
bjørn,6
menus,6
ovale,6
maerz,6
apulu,6
below,6
tibor,6
hough,6
sands,6
sette,6
comas,6
tolda,6
heike,6
hōshō,6
jipes,6
netas,6
gules,6
rocio,6
besso,6
logic,6
gilly,6
axila,6
livia,6
caetê,6
tapes,6
getas,6
gruas,6
sandé,6
emeli,6
furna,6
rotor,6
supra,6
novak,6
finta,6
adore,6
sabes,6
donne,6
jujol,6
ótico,6
pujol,6
capif,6
paços,6
rolou,6
faias,6
colhe,6
matte,6
sphan,6
faoro,6
solís,6
berto,6
rixas,6
jogue,6
faris,6
vesna,6
purga,6
feios,6
roots,6
pupas,6
elvas,6
swizz,6
beatz,6
firth,6
spada,6
rocca,6
ábaco,6
alton,6
imitá,6
bayer,6
priva,6
malva,6
proll,6
hoppe,6
cavex,6
mouth,6
sorge,6
viney,6
jeune,6
meier,6
adega,6
vedas,6
dória,6
enver,6
faire,6
savio,6
matiz,6
iberá,6
corry,6
betsy,6
suger,6
hyper,6
tauri,6
tutte,6
curie,6
sagat,6
lakin,6
khloe,6
mylne,6
hélia,6
weeks,6
dotar,6
pluna,6
namco,6
margs,6
tosão,6
xelim,6
kills,6
testá,6
abeto,6
umich,6
jordi,6
coque,6
nobis,6
ensch,6
horne,6
himsl,6
shady,6
robyn,6
eluto,6
bronn,6
robby,6
desha,6
calos,6
vicki,6
fdusp,6
bongi,6
meter,6
chace,6
hasta,6
okino,6
biles,6
gutsu,6
sabae,6
ishii,6
leven,6
ouija,6
canby,6
biota,6
usman,6
tulsa,6
rabat,6
wrede,6
fixam,6
lydia,6
greta,6
recua,6
droid,6
hayek,6
jairo,6
katra,6
jônia,6
ponha,6
safar,6
kapos,6
debra,6
tasha,6
kline,6
gabão,6
cortá,6
crivo,6
pipes,6
caern,6
waltz,6
zacro,6
beech,6
dnorm,6
kodak,6
altri,6
anker,6
earls,6
myths,6
lombo,6
brick,6
hugot,6
spaun,6
venho,6
vixen,6
matra,6
alara,6
azara,6
keach,6
velar,6
lupus,6
fudge,6
fleay,6
varna,6
spain,6
paira,6
gehry,6
capri,6
nulas,6
basto,6
crave,6
galli,6
nadya,6
dinis,6
obesa,6
domos,6
genji,6
gongo,6
peidl,6
cnudm,6
orkut,6
minoa,6
vodka,6
wendt,6
aines,6
damos,6
ramon,6
malai,6
fugia,6
soltá,6
tapas,6
alina,6
prová,6
solda,6
vogel,6
limit,6
quasi,6
posen,6
calha,6
yukio,6
serro,6
isolá,6
ponor,6
gilda,6
decai,6
suite,6
stark,6
trutz,6
bolor,6
bible,6
sybil,6
plane,6
ijexá,6
molda,6
agave,6
vulgo,6
galgo,6
papae,6
keira,6
punks,6
kluge,6
bretã,6
sinus,6
canas,6
bobos,6
oxalá,6
bunda,6
livra,6
alate,6
adair,6
asahi,6
gille,6
sioux,6
sinhô,6
girto,6
huson,6
cacto,6
burgh,6
munro,6
mafia,6
clock,6
blefe,6
tisbe,6
cella,6
tonto,6
siege,6
shute,6
blogs,6
iones,5
rppns,5
lucio,5
corsi,5
yalta,5
vinga,5
ragni,5
voris,5
bongo,5
morin,5
realm,5
crêem,5
spahn,5
duane,5
tolas,5
sacco,5
jonny,5
forgs,5
devin,5
morsa,5
metil,5
caped,5
galão,5
hamel,5
buick,5
hitch,5
thumb,5
polly,5
hobby,5
wiege,5
ronan,5
encke,5
livrá,5
pilon,5
snoop,5
cível,5
prove,5
benta,5
rondo,5
munir,5
carry,5
stahl,5
actua,5
vagou,5
mecha,5
rmspc,5
truck,5
lusos,5
vespa,5
seara,5
segni,5
ímpio,5
fazei,5
poupá,5
joule,5
tennō,5
kamen,5
ludus,5
linus,5
tenmu,5
afaia,5
dodge,5
reise,5
nábis,5
sesto,5
pegam,5
coeur,5
greet,5
tirei,5
stasi,5
tátil,5
palla,5
ródio,5
sagaz,5
magón,5
frisa,5
faint,5
ádige,5
eilat,5
logie,5
gucci,5
sucos,5
shota,5
lazio,5
bling,5
shots,5
tessa,5
kexin,5
danke,5
splet,5
marck,5
abram,5
gnose,5
kunst,5
lucía,5
megaó,5
moita,5
madtv,5
insei,5
niciu,5
clica,5
islam,5
pindo,5
gogol,5
ritts,5
neuza,5
lucii,5
davos,5
tatoi,5
crécy,5
ruber,5
pinar,5
sagui,5
peaks,5
minié,5
elgar,5
soong,5
trocá,5
aysén,5
milla,5
biguá,5
elevá,5
karla,5
wagga,5
zíper,5
abuse,5
datem,5
foner,5
ditam,5
numan,5
pirie,5
flint,5
uchoa,5
daijō,5
agent,5
cuzco,5
cuomo,5
maués,5
bohns,5
apuro,5
despe,5
lluís,5
jiguê,5
lonas,5
purus,5
shear,5
melon,5
issue,5
wones,5
macri,5
bóson,5
tried,5
grazi,5
idols,5
finda,5
levem,5
nelle,5
ficta,5
sanga,5
irada,5
caiuá,5
whale,5
gypsy,5
woese,5
eanes,5
dreno,5
pezão,5
drusa,5
clown,5
phair,5
bonez,5
blink,5
dello,5
esopo,5
tapar,5
italo,5
semac,5
fosco,5
darte,5
krabi,5
hmong,5
cedia,5
holme,5
thích,5
quảng,5
aztec,5
eshba,5
virei,5
taivu,5
vigny,5
saved,5
asher,5
cards,5
dúbia,5
cusco,5
bouts,5
mudem,5
zeros,5
albin,5
grais,5
brota,5
bules,5
spent,5
ruang,5
colmo,5
waker,5
sobus,5
bayes,5
hanes,5
feias,5
funky,5
ruina,5
muana,5
xircu,5
atraí,5
hiram,5
amida,5
lusas,5
brief,5
plexo,5
knife,5
venom,5
pacas,5
xxxvi,5
pinsk,5
scudi,5
tamal,5
elise,5
lucie,5
quaid,5
verse,5
cymru,5
swept,5
refez,5
campa,5
craik,5
bonet,5
temes,5
grael,5
negue,5
miner,5
pitta,5
uplay,5
sabha,5
osmân,5
rōnin,5
tantō,5
zonal,5
hacks,5
turva,5
stede,5
atóis,5
unity,5
steal,5
serva,5
pêlos,5
yakov,5
mindy,5
imlay,5
couve,5
hudak,5
atada,5
sedan,5
visar,5
etica,5
lélio,5
paepe,5
hatta,5
máter,5
lemas,5
groot,5
puffy,5
fatwa,5
seoul,5
bania,5
nasir,5
hazmi,5
anzus,5
sikhs,5
lotou,5
shire,5
malte,5
casus,5
clegg,5
nácer,5
elsey,5
kimmy,5
staël,5
salma,5
touré,5
huene,5
bambi,5
boehm,5
hiena,5
jolly,5
hippy,5
strut,5
bunin,5
soane,5
mudez,5
brevê,5
einer,5
tatuí,5
polca,5
chica,5
hynde,5
loulé,5
quilo,5
thiệu,5
loiça,5
sinhá,5
manca,5
opaca,5
juste,5
bebem,5
junte,5
might,5
tropo,5
sâmia,5
cramp,5
lukas,5
fader,5
soado,5
kolbe,5
miras,5
chaim,5
majel,5
ousou,5
oppen,5
tease,5
afoxé,5
fence,5
ewald,5
vilma,5
pilão,5
looks,5
cameo,5
mimas,5
lanna,5
bangs,5
tibau,5
popov,5
vardø,5
monro,5
celle,5
herda,5
suede,5
paola,5
rusty,5
eceme,5
volpi,5
krill,5
bunch,5
delay,5
clean,5
māori,5
xxxix,5
marit,5
roper,5
sóchi,5
homes,5
shape,5
malês,5
ambev,5
taché,5
alban,5
kamal,5
safim,5
acuña,5
érica,5
terre,5
morde,5
lough,5
pepys,5
méier,5
divus,5
gaius,5
caçou,5
dista,5
marat,5
enola,5
riots,5
pífio,5
mênon,5
sarau,5
cioso,5
findo,5
abusa,5
gupta,5
wears,5
smidt,5
ácaba,5
moído,5
willa,5
fruit,5
sofra,5
scuti,5
arago,5
ainão,5
puris,5
vilar,5
ebing,5
rédea,5
wheel,5
traga,5
opaco,5
matsu,5
tunis,5
samar,5
cheer,5
mutsu,5
niles,5
skunk,5
tasos,5
waddy,5
rumba,5
butão,5
tômis,5
preah,5
theme,5
taika,5
hirst,5
ipuur,5
mitis,5
nasua,5
bexar,5
briac,5
isaak,5
weeps,5
helou,5
heads,5
bazar,5
conar,5
hator,5
gurus,5
aracy,5
turfa,5
migne,5
irecê,5
jizia,5
cotta,5
dador,5
quake,5
bário,5
tânia,5
butte,5
zveno,5
calão,5
month,5
scram,5
covil,5
opéra,5
wharf,5
regan,5
atroz,5
doesn,5
doges,5
barré,5
usccb,5
genet,5
value,5
minds,5
sélys,5
bowls,5
murta,5
mindu,5
clanf,5
cipós,5
trace,5
edcgs,5
caaba,5
karel,5
turfe,5
chine,5
viaje,5
tomie,5
perce,5
doors,5
veraz,5
kreps,5
kaito,5
orson,5
tosca,5
orcas,5
rajiv,5
hidro,5
auden,5
pulau,5
direi,5
recto,5
afixo,5
wynne,5
spiro,5
girón,5
senis,5
milky,5
vibra,5
domar,5
macao,5
jamil,5
badon,5
larva,5
capuz,5
siler,5
petro,5
cegou,5
tiana,5
pskov,5
notei,5
awacs,5
rupes,5
gados,5
fumam,5
dunne,5
stole,4
pnorm,4
googe,4
kızıl,4
drees,4
exija,4
dagan,4
radon,4
marga,4
abbot,4
salga,4
dfrac,4
zanen,4
odell,4
crewe,4
poets,4
texts,4
qnorm,4
libre,4
rimos,4
zhang,4
rnorm,4
naque,4
gares,4
gabou,4
willi,4
spies,4
leyva,4
nudaw,4
pirão,4
hedra,4
namir,4
cisco,4
paras,4
dural,4
cunhã,4
doğan,4
coeva,4
nanni,4
abaco,4
fiada,4
thain,4
carré,4
babes,4
joris,4
clade,4
traja,4
sweep,4
égina,4
selby,4
daryl,4
ostra,4
ldots,4
yacht,4
brune,4
ocupá,4
jarra,4
groff,4
copel,4
sedis,4
vrana,4
shudi,4
abele,4
salah,4
surat,4
staub,4
brita,4
sídon,4
hamon,4
fação,4
gamal,4
fuade,4
cónia,4
telel,4
clips,4
movam,4
pouce,4
taque,4
summa,4
choca,4
droit,4
picar,4
aruba,4
achim,4
annet,4
siglo,4
regno,4
addai,4
dungy,4
huron,4
dodds,4
deves,4
showa,4
tooie,4
maian,4
maple,4
sépia,4
budge,4
okabe,4
pítia,4
martí,4
oréal,4
jubal,4
label,4
farid,4
rotem,4
wedel,4
bugti,4
lilás,4
nolla,4
lutei,4
ddots,4
nabla,4
doves,4
vouza,4
stood,4
maius,4
codão,4
coach,4
αθηνά,4
torga,4
deacy,4
bleus,4
meeki,4
myles,4
meena,4
flaco,4
orbis,4
clary,4
hiatt,4
hoard,4
compô,4
wicks,4
ítala,4
setai,4
names,4
pádel,4
reyno,4
jotas,4
tonta,4
camps,4
genyo,4
cours,4
pajem,4
jazia,4
trodd,4
nkosi,4
enjoo,4
agena,4
sumir,4
jiqui,4
nieuw,4
trani,4
ovide,4
gorro,4
kahlo,4
khuen,4
kooks,4
xtina,4
algar,4
ashes,4
catus,4
naoki,4
stamp,4
danko,4
duína,4
friar,4
sadar,4
selam,4
legio,4
ráfia,4
filov,4
barsa,4
adail,4
muntz,4
vitti,4
decet,4
konan,4
hífen,4
visit,4
kwesi,4
tesem,4
autry,4
muzio,4
melun,4
ansen,4
edita,4
beers,4
abner,4
tifão,4
typos,4
pisca,4
marci,4
odair,4
léman,4
goyon,4
eshop,4
lumas,4
cesti,4
guile,4
kross,4
leann,4
emmys,4
theed,4
troye,4
sivan,4
filmá,4
ducky,4
ténue,4
dusty,4
seach,4
handy,4
vonda,4
falem,4
xénon,4
helix,4
cavou,4
bissa,4
trang,4
coppe,4
kolev,4
lajos,4
bijin,4
pamyu,4
keita,4
güreş,4
yağlı,4
vương,4
filip,4
lasky,4
oriol,4
tinny,4
teres,4
colne,4
niuas,4
teens,4
taxis,4
ermey,4
colou,4
afetá,4
mahon,4
grana,4
bongô,4
onion,4
straw,4
tecia,4
lígia,4
piñon,4
ashby,4
yorba,4
duets,4
irajá,4
virna,4
balbo,4
xenia,4
fátua,4
român,4
bayle,4
derem,4
madox,4
nalur,4
slade,4
nevis,4
sueva,4
vália,4
ávito,4
pítio,4
tachi,4
mihai,4
hyden,4
fumos,4
avian,4
meeks,4
skeet,4
sammy,4
darío,4
pecar,4
tecem,4
schad,4
zappa,4
coupe,4
kirst,4
kwame,4
nereu,4
dixie,4
kinda,4
steps,4
azedo,4
gotha,4
reval,4
clefo,4
arion,4
clito,4
assam,4
decil,4
varro,4
tweed,4
bicha,4
herse,4
leahy,4
drury,4
doric,4
arden,4
folio,4
kaegi,4
curae,4
leger,4
gunki,4
begue,4
renzo,4
tahoe,4
evros,4
hydra,4
rigas,4
stowe,4
merck,4
níger,4
lerín,4
mokyr,4
retém,4
inner,4
sauna,4
abeba,4
corro,4
adana,4
rufos,4
gesta,4
ousar,4
sisal,4
twins,4
ordre,4
ocupe,4
stang,4
lyric,4
chula,4
lavou,4
dobby,4
nurse,4
musik,4
akron,4
sonja,4
borer,4
rceil,4
lceil,4
waste,4
cádiz,4
cease,4
flake,4
noire,4
scale,4
bosch,4
farah,4
tocos,4
rente,4
rodeo,4
overy,4
shiva,4
rhett,4
sigue,4
cansa,4
bamba,4
thyme,4
lumos,4
ollie,4
zenit,4
tramp,4
eutaw,4
amara,4
riace,4
perim,4
smoky,4
suwon,4
aisha,4
essen,4
vagam,4
elegê,4
carle,4
toots,4
juice,4
whyte,4
crips,4
taihō,4
byers,4
pivot,4
yilin,4
ágnes,4
talco,4
beije,4
totta,4
assai,4
cação,4
ganhe,4
fundá,4
cumas,4
fuste,4
busch,4
build,4
fulda,4
pinha,4
cápua,4
tilde,4
vexin,4
misha,4
maços,4
gabby,4
gland,4
baila,4
oerba,4
morel,4
cufic,4
brink,4
tamil,4
nudum,4
latex,4
arora,4
datou,4
enemy,4
lisle,4
hymns,4
alben,4
swope,4
raimi,4
micha,4
mudos,4
trago,4
kinks,4
grime,4
fomin,4
perri,4
built,4
ficon,4
inman,4
bican,4
stroh,4
geyer,4
sinna,4
broca,4
maven,4
lites,4
megas,4
edina,4
ousia,4
radão,4
bjorn,4
hyman,4
jocum,4
topik,4
pesem,4
wigan,4
ciara,4
penão,4
glosa,4
bonus,4
garoa,4
tabla,4
chant,4
stagg,4
preda,4
crush,4
terza,4
oscos,4
howse,4
sabah,4
tünel,4
mimar,4
cried,4
kendo,4
arrow,4
saeed,4
filth,4
kuban,4
kulik,4
golan,4
tinga,4
dummy,4
jerzy,4
irado,4
apoie,4
simba,4
kinds,4
naipe,4
pasmo,4
graco,4
elwyn,4
ascot,4
smack,4
bálor,4
jewel,4
flair,4
bürgi,4
nacht,4
actus,4
unité,4
orgel,4
horan,4
spitz,4
provo,4
ocogs,4
dafoe,4
helio,4
abako,4
unite,4
sédar,4
punch,4
bizie,4
hasse,4
virão,4
kanne,4
samae,4
türbe,4
lamas,4
kitab,4
mazza,4
pougy,4
nsshb,4
actes,4
adote,4
feres,4
epsom,4
pulos,4
tosco,4
ermos,4
jujuy,4
areão,4
mordê,4
coucy,4
pucci,4
grabe,4
romeo,4
verás,4
reale,4
ceasa,4
caves,4
broto,4
altes,4
totem,4
wulff,4
jijin,4
sajal,4
gamow,4
munck,4
karts,4
elmes,4
awiil,4
lambs,4
vieja,4
alert,4
nazca,4
boyer,4
cicas,4
íñigo,4
pfeil,4
hanoi,4
rubis,4
lobão,4
medii,4
janko,4
damão,4
annwn,4
hyatt,4
cokić,4
toney,4
devir,4
ávaro,4
thanh,4
burma,4
locks,4
xxvii,4
pumas,4
shaar,4
dhabi,4
olwen,4
joost,4
monts,4
visor,4
suíno,4
novae,4
dário,4
atreu,4
nomos,4
araya,4
peyre,4
omnis,4
graxa,4
ploče,4
freou,4
diner,4
maule,4
reddy,4
eudes,4
körös,4
enlai,4
chigi,4
dersa,4
vodca,4
artis,4
slomp,4
boyne,4
teffé,4
stela,4
sturt,4
trash,4
coifa,4
probo,4
cuide,4
bucha,4
eakin,4
tariq,4
hicsa,4
lever,4
cuban,4
chloé,4
fogle,4
sheet,4
uxmal,4
ayami,4
hoste,4
punia,4
chãos,4
ítaca,4
mateo,4
sibiu,4
casto,4
montá,4
stono,4
picam,4
iepha,4
olden,4
calou,4
apart,4
geriu,4
coren,4
nauru,4
labat,4
hinde,4
józef,4
carfi,4
berra,4
rider,4
ipece,4
polop,4
boury,4
coura,4
garbo,4
weldt,4
paebm,4
mowat,4
baias,4
irons,4
dalai,4
pilas,4
bites,4
matti,4
mejía,4
maack,4
chong,4
ilana,4
spoto,4
lelys,4
lewes,4
maude,4
opina,4
darar,4
abgar,4
tammy,4
sopés,4
puxam,4
cipro,4
siará,4
sufis,4
cante,4
puget,4
gough,4
chuan,4
gytha,4
kilda,4
ebury,4
luzon,4
weisz,4
carse,4
fixes,4
loros,4
beiju,4
pawon,4
fatwā,4
candi,4
peyer,4
akitu,4
karin,4
saron,4
curda,4
jafet,4
older,4
marín,4
geary,4
pacis,4
permo,4
dames,4
eridu,4
nôtre,4
sepse,4
akītu,4
acena,4
beams,4
anião,4
sitio,4
nuovo,4
larsa,4
malmö,4
calle,4
ishin,4
manor,4
licas,4
edite,4
budas,4
julgo,4
lavas,4
stink,4
grohl,4
ifeba,4
tirem,4
haile,4
shima,4
dijck,4
nowra,4
pária,4
canti,4
vélez,4
becos,4
shoot,4
senet,4
lindy,4
guirá,4
imran,4
carma,4
akhet,4
advir,4
kaiss,4
kenna,4
malec,4
sotto,4
jayni,4
rifte,4
cuneo,4
ebers,4
suess,4
bābil,4
jebel,4
retêm,4
narbo,3
terms,3
roach,3
muska,3
sardy,3
igapó,3
gerda,3
fifty,3
raiar,3
jupiá,3
bskyb,3
assaz,3
lynda,3
feltz,3
ziehl,3
usará,3
johny,3
hifal,3
agron,3
keogh,3
wushu,3
bushe,3
étimo,3
turku,3
perdu,3
ascos,3
cúter,3
onega,3
λόγος,3
forra,3
calda,3
cadmo,3
cacém,3
viris,3
komēs,3
trein,3
rollo,3
apeou,3
eldey,3
benim,3
roell,3
fiske,3
brion,3
milam,3
menir,3
shomu,3
depõe,3
ilhéu,3
downe,3
narde,3
drang,3
carão,3
wahre,3
owaad,3
query,3
pazza,3
gigue,3
póvoa,3
kacey,3
hagin,3
renno,3
sarna,3
bauri,3
ielmo,3
breed,3
ewert,3
stefu,3
codes,3
sirny,3
bless,3
nahda,3
blaue,3
ghent,3
pusan,3
londo,3
snowy,3
libby,3
drift,3
alada,3
tenji,3
makin,3
rayak,3
stutz,3
muren,3
ílios,3
wonka,3
tucci,3
dokyo,3
lerdo,3
abkco,3
romba,3
pemex,3
frida,3
fiber,3
davie,3
tring,3
broke,3
sexys,3
srbek,3
gerês,3
ciosa,3
gshow,3
rusga,3
azeri,3
luyện,3
liste,3
pavan,3
niess,3
duong,3
nhung,3
graxo,3
likhi,3
dupas,3
inaba,3
perne,3
amino,3
honnō,3
caron,3
grüll,3
miron,3
krall,3
sagra,3
mvezo,3
sícas,3
paarl,3
sotho,3
coryi,3
topai,3
ancyl,3
lycra,3
muths,3
verle,3
cieps,3
lomas,3
qajar,3
lomba,3
csupo,3
rubió,3
clubs,3
asado,3
nísia,3
toche,3
lager,3
logue,3
pinna,3
nîmes,3
boats,3
juana,3
innse,3
cowes,3
fêtes,3
íxion,3
enric,3
lapad,3
fasci,3
injil,3
moche,3
guali,3
maqqi,3
idiot,3
cairu,3
layla,3
lycée,3
zonda,3
nulos,3
ourcq,3
susie,3
lixte,3
fille,3
bercy,3
nefer,3
salud,3
ngozi,3
celac,3
semae,3
abney,3
elaco,3
zakat,3
frisk,3
faial,3
choir,3
ramuh,3
melos,3
duine,3
motoo,3
xliii,3
bread,3
manes,3
herta,3
ifrit,3
bernd,3
viète,3
drena,3
manco,3
cryer,3
sacks,3
yello,3
trier,3
genre,3
ravus,3
anexá,3
colli,3
mcfly,3
ünsal,3
heyne,3
cirne,3
sujar,3
lídio,3
pelée,3
ionic,3
telly,3
jasdf,3
patai,3
bovic,3
ogier,3
leack,3
inoue,3
alejo,3
possi,3
tonou,3
perec,3
guaju,3
milei,3
hyrum,3
studi,3
sósio,3
andor,3
kimon,3
selle,3
parva,3
aacta,3
cépio,3
basel,3
shaef,3
mehdi,3
tovar,3
dives,3
carys,3
lapão,3
jabal,3
thoma,3
advêm,3
amato,3
lorca,3
gruna,3
juary,3
valls,3
vouga,3
russi,3
blame,3
fault,3
goetz,3
menlo,3
circe,3
ardeu,3
flúor,3
spins,3
doido,3
skype,3
vires,3
tonel,3
paget,3
récia,3
faqih,3
jaffa,3
estoy,3
tiede,3
duero,3
brann,3
douto,3
piton,3
porem,3
orava,3
tapir,3
bruza,3
darci,3
rhein,3
boock,3
iémen,3
poria,3
jaque,3
releu,3
tunas,3
dandy,3
pavón,3
garay,3
ulemá,3
favas,3
zarza,3
greno,3
elorz,3
werde,3
cassi,3
galar,3
dpjus,3
saale,3
rügen,3
fitna,3
andia,3
knack,3
huédé,3
levon,3
guazú,3
mumia,3
fiesp,3
hebdo,3
goran,3
kicks,3
cange,3
aabba,3
valve,3
obino,3
nebaj,3
yarra,3
cáqui,3
ejeta,3
copra,3
kadee,3
ccsvi,3
theil,3
flock,3
parus,3
tônia,3
rubor,3
kolis,3
ginga,3
minta,3
kasba,3
maire,3
vorli,3
sofía,3
dulin,3
swfit,3
arche,3
thule,3
fólis,3
jamal,3
babad,3
sikoa,3
gives,3
scots,3
potez,3
quite,3
bonne,3
alana,3
surja,3
keiji,3
twice,3
calne,3
nerva,3
murri,3
abacc,3
jolch,3
anzol,3
annam,3
koetz,3
sidom,3
nasar,3
prise,3
babur,3
talib,3
kweli,3
rufia,3
ribas,3
betel,3
runic,3
vtsik,3
garbe,3
kipen,3
mujer,3
winky,3
edmar,3
cebus,3
danes,3
aliam,3
tônus,3
mixer,3
saadi,3
oesau,3
weald,3
solas,3
polak,3
dulia,3
fosca,3
noldo,3
latae,3
desna,3
lenzi,3
copto,3
queco,3
tânis,3
dabul,3
vasai,3
broch,3
heels,3
moron,3
privá,3
balls,3
punte,3
minam,3
mixes,3
botou,3
andie,3
gastá,3
homos,3
rolfe,3
lgbts,3
liesl,3
gaunt,3
jerem,3
exton,3
tarcã,3
belov,3
sarro,3
kendl,3
deben,3
ramat,3
bayly,3
dicke,3
antro,3
sinas,3
ázimo,3
virgo,3
xerez,3
kanza,3
sanat,3
recep,3
rondò,3
zadok,3
bantu,3
deniz,3
ranvr,3
dizzy,3
tacto,3
libré,3
gémea,3
byrds,3
sivas,3
trará,3
ganga,3
tilly,3
ipecu,3
craxi,3
morno,3
needa,3
elsie,3
viela,3
isley,3
viste,3
cozer,3
karam,3
mewès,3
balao,3
rocka,3
gansa,3
ainus,3
roças,3
leung,3
tióis,3
cadoc,3
aphra,3
conab,3
cotia,3
gashi,3
bábís,3
mírzá,3
pines,3
polis,3
bizas,3
helms,3
stadt,3
fugal,3
leith,3
menta,3
luros,3
ianin,3
poète,3
saëns,3
nevão,3
drone,3
gemma,3
nares,3
lubbe,3
bator,3
akbar,3
fludd,3
apelt,3
koyré,3
utero,3
taras,3
xxxiv,3
vastu,3
lovek,3
übung,3
heyse,3
annus,3
afuni,3
balck,3
offer,3
bandy,3
raisa,3
swami,3
aloha,3
ogden,3
vives,3
vanoc,3
fowle,3
irgun,3
feroe,3
depot,3
dqbrn,3
busse,3
sidos,3
eretz,3
cogan,3
coter,3
einar,3
casio,3
tanks,3
sarto,3
whyld,3
known,3
indio,3
loder,3
liang,3
tufte,3
nélio,3
keila,3
halos,3
seyne,3
janos,3
juntá,3
mísia,3
felgt,3
reata,3
kelis,3
otori,3
fluiu,3
sight,3
dejus,3
komei,3
avila,3
mégas,3
totum,3
sebes,3
calam,3
mueda,3
jōkyū,3
noyce,3
sanas,3
fozes,3
regic,3
combu,3
berti,3
irvin,3
gamil,3
palos,3
skank,3
greed,3
reuni,3
serov,3
katyń,3
wajda,3
jukov,3
ritla,3
wives,3
néill,3
nowak,3
bengo,3
túath,3
pluaa,3
noemi,3
afegã,3
corsa,3
spots,3
gaeta,3
nozze,3
fahey,3
genio,3
uivar,3
fargo,3
gálio,3
cegar,3
pipas,3
panel,3
fémur,3
araxá,3
meiga,3
germe,3
relax,3
saúda,3
retal,3
ardia,3
boxer,3
bocal,3
saúdo,3
farra,3
votam,3
saxãs,3
rolha,3
truta,3
corri,3
lotar,3
pesto,3
rambo,3
cézar,3
logra,3
arnês,3
irmos,3
foles,3
debut,3
torpe,3
feral,3
gibis,3
cuido,2
tibet,2
meteu,2
